Bryant,Lula,oof9it5Uim
Cunningham,Jacob,ieZah5xi
Garcia,Linda,bi0AiQueu4
Muldoon,Rudolph,EiChii4ch
Diggs,Wendy,ooN5EiViu
Martinez,Lloyd,saqu4Pei4f
Simpson,Michael,Aebooph0P
Olmstead,Gloria,uuseeLu7oo
Elzy,Adam,Piehie2oo
Cox,Mary,eeFu4Gaej9e
Patel,Fred,iloNgul1xo
Strickland,Christopher,ueNg9Fiew
Bean,Betty,Uceid1nohca
Bumpus,Helen,Paeth8ohw
Riddle,John,waeNachi9x
Brousseau,Catherine,eij7Zohx
Ammons,Andrew,zohng9Shai
Anderson,Mary,Sae7jaShae
Rowley,Elena,eej1Sie0the
Tupper,Katherine,foH4vifu
Burton,Michael,Sa3aigaik4ah
Landreneau,Linda,Alo9Jiosh
Barge,Florentina,aiJohy5ch
Hickman,Beverly,Laegoh7loog3
Stout,Greg,Ik0viu6io
Cavanagh,Michaela,aN8ieciV
Willis,Cherie,dio9ooth7Ah
Johnson,Justin,Ahphei2Oh
Gates,Glen,ahhai5Vi6
Hill,Belinda,huch3yoGh
Gold,Andrew,euPi6ieL7Yobach
Wood,Betty,ooNaij7Phee
Hudspeth,Donald,Eer1Eopah
Look,Bertha,JohZ9agu6ee
Poland,Darrell,shuvohw4ahQu
Lawrence,Teresa,fu1keeBeZ
Kautz,Gloria,EifaVei3gae
Neill,Calvin,joo3Daexe5
Grubbs,Sandra,ooCeeku4oo
Baker,Michelle,Uav1aiquoh5
Slye,Shaun,kain8eesahL
Brooks,Jim,aeDain8oo
McKelvey,Tommy,Hee5shei
Lopez,Catherine,Ceedai6rei8
Waterman,Jennifer,faeGheing2Y
McMurray,Katherine,ohCaujei1ie
Napier,Irene,Xievee4feiw
Pacheco,Myron,dir3eed6Ph
Hawkins,Kathleen,Fie8maeb2io
Slayton,Michael,Wah0kohthoi
Alton,Theresa,reeGh5oopie
Barber,Sonia,Hoid6teo
Callas,Ben,ahgh8Mac
Ray,Andrew,al5Jeiz0ah
McQueen,Ronald,EeMeix0choh
Brown,Debra,Gav5Eiqu
Fuller,Alfred,eeP9koh6th
Hunt,Zachary,ieYee1yie
Morris,Bryan,ooj8zaiF
Flood,Suzanne,su8bee6vuPh
Creason,Ana,kae8eeCh8
Flores,Cheryl,Uthung8oonah
Arruda,Patrick,doozei5eeM
Tomlinson,Jeff,hohmooYa5ge
Kinsley,Ruth,Xahhah6th
Rolon,Dennis,Aebie4oo
Lewis,Susan,Iva0mae9
Shafer,Andrew,eePieyie5
Richmond,Richard,Eth5aex8rohK
Leonard,James,uenua3eePha
Markel,Heather,oapheij5Ai
Miller,Kathleen,Beum7sie
Sharp,Daphne,Ahngaey2qu
Rowlett,Margaret,Ri3Aiv6iez5O
Gullett,Paul,ahreShai8sah
Salazar,Franklin,Aezo8eebur
Gibbon,Bryanna,iebah5Eeci2
Sherwood,Kristi,shae6Phou
Murphy,Ammie,iexe1Mah
Cureton,Freddy,Eel5kah6
Yazzie,Margaret,Joogoo8sh
Rose,John,zah3ceiHielo
Collins,Michelle,iTho2quei
Pou,Thomas,Ahpheig3
Febus,Kimberly,Aetu6un3th
Hampton,Josephine,Zei7quee3ph
Tracy,Elsie,deiLae6Ie
Lopez,Ashley,Ohb2yah3sha
Davis,Melba,aenieShae1see
Clark,Brandy,iHeecai3
Smith,Jesse,Yahk9Poh
Sparkman,Scott,aix8su4Soh
Andrews,Don,eChah7die8g
Watson,Kathleen,Ieth1oox
Adkins,Dennis,kok9TooThuX
Schmalz,Thomas,OoMahL4uth
Cox,Lisa,Xae5IeQuahv
Bischoff,Dorothy,oc2deisauR8
Bridges,Ona,uejohF7R
Harris,Michael,jeBoh0quai9
