Simmons,Aaron,quaqu6Jah
Edwards,Abel,xoaWie8e
Chaffin,Adrian,ahsae7Tie
Zambrano,Alberto,ieG1Raifoh
White,Allen,aosohQuah2
Mattie,Anthony,ahngeuC0oj
See,Ashley,Oosa8vae6eib
Flowers,August,ea5Bai9kae
Brown,Bernardo,ohrooz4We6
Welch,Bess,Feech7oh
Caldwell,Billie,Ciec7thai
Grant,Brenda,Aeyai4Sai
Jordan,Carolyn,yi9ieF4w
Hinton,Charles,cah3eiJah
Dreyer,Charles,rood6Hah
McCreary,Cheryl,Nuwi6eiquu6
Bock,Christopher,Shuthah6ei
Murdock,Clifton,DaezeeL3esh
Casillas,Corrina,aech6Too
Ziegler,Danny,cei1iexeWo
Roth,David,Wi2dohqu4M
Skipper,Dawn,Shohfeix8u
Holloway,Dawn,quoolaNgoo6
Ford,Deidra,ohphei1Raiv
Steed,Donald,fa0Gie9eghoh
McLaughlin,Dorothy,aesaiPhu9
Dunn,Eileen,Ophahxu9ie
McDade,Elisa,ohTh9shu3ee
McLaughlin,Ellis,eiphu5Ui4
Hernandez,Frank,thaiT1ae
Bateman,Gary,ooDa4eth9ee
Osborne,Gregory,Wechix2aiW
Davis,Guadalupe,jouniedi6An
Hood,Helen,mieh6da4Ph
Cross,Helen,ufohS7aisoo
Bailey,Henry,ohzo8ooQu
Smith,Ina,ahke6Xoh
Jordan,James,eiThohph6ae
Massey,Jean,eeF0pein
Hall,Jennifer,aib1Ziequ
Alvarez,Jennifer,iejie1OoXai
Jarvis,Jerry,Nesoo8nah
Harding,Jessica,AiquaiGhoT6
Eide,Jimmy,ze6thieG
Hammett,Joann,Vicaeyo5ee
Evans,Joe,iqu4Phaiyiel
Hutchins,John,ojei0Ia5
Ellison,Joy,Iewei9Ugh
Jones,Juanita,Ahghujeib9
Raminez,Julie,oN9Iemi5
Eastwood,Karen,ieroo9Maeng
Morris,Kathy,meiDie0f
Spence,Kerri,OoV9zoh6Yee
Hicks,Kyle,peg2AuNie
McDaniel,Larry,wai0Chee
Fleming,Laurie,aoph9Ooghah
Roland,Linda,Eek5vu2oh
Morse,Lonnie,aeV0PeiXah
Hall,Lorena,Phai7ixuro
Howton,Lucille,Eesu0Su8ea
Obryant,Marian,fa2Wien7
Higley,Mark,ca9eaChai
Palacios,Marvin,Gaavoqu6
Coakley,Mary,Gaoher1Ni
Kral,Matthew,leemae2OQu
Jacques,Melissa,ja4gah8jeZai
Gough,Michael,sahMee1a
Carey,Michael,ieVa2gopee
Manning,Nancy,Ahsohd9cieD
Edwards,Nicole,coo4ooG6ies
Davis,Palmira,reeB7Tier7oh
Morrison,Paul,Rohvuv9ay
Gray,Pedro,Ohwo2VooJah
Ross,Ralph,IeneoT8ae
Williamson,Randi,be0ahTeeg6
Martin,Richard,Vami8eish7ei
England,Robert,Ka3ueSh8
Hawley,Robert,jaNoong0bei
Miller,Ryan,atee3ahGeew
Springer,Salvatore,dohGhi1ei
Matta,Sandra,SooreeR8ie
Sherwood,Saundra,ohPei2Coh
Chitty,Scott,UWeoV5ae
Phillips,Shirley,Quah6Pujie
Flowers,Steven,aiciThu0se
Brown,Tawnya,eicei3Ok
Glickman,Tiffany,IeNaedahqu8
Inman,Todd,naecheiH1v
Gladden,Victor,Lasib7yob
Morse,Wilhelmina,Be3tae7yo
Richart,Yvette,eiViij9Oh
Coco,Clifton,zimiu0The
Reynolds,Hannah,oojae5Thei
Fernandez,Adam,fadah3Eishei
Garcia,Wilfredo,beo2ouSa7Sae
Wofford,Bruce,eHiech2johw
Maze,Jeremy,Ok8iebezeer2
Fisher,Beatrice,eip3iGhai9i
Hernandez,Mark,fi2ahf3AeX5
Ryan,Anita,ooH0eaZeeb
