Almosnino, Gilead,Password00
Asbari, Roya,Password00
Barry, Chris,Password00
Birkby, Dana,Password00
Bradley, David M.,Password00
Butnaru, Tzipi,Password00
Carrido, Maggie,Password00
Chen, Jacky,Password00
Corets, Eva,Password00
Delesalle, Myriam,Password00
Dubicki, Dominik,Password00
Eminhizer, Terry,Password00
Ford, Jeff,Password00
Garden, Euan,Password00
Gonzalez, Howard,Password00
Haberkorn, B.J.,Password00
Harris, Andrew,Password00
Hernoux, Fabien,Password00
Iallo, Lucio,Password00
Jiang, Stephen Yuan,Password00
Kapoor, Ashish,Password00
Kerr, Melissa,Password00
Koch, Christine,Password00
Krebs, Lubor,Password00
Lang, Eric,Password00
Litton, Tim,Password00
MacBeth, Melissa,Password00
Mandic, Mirko,Password00
Mensa-Annan, Tete,Password00
Mohamed, Shammi,Password00
Narayanan, Ranjith,Password00
Orint, Neil,Password00
Patten, Michael,Password00
Pitayaphongpat, Worapon,Password00
Raheem, Michael,Password00
Ribaute, Delphine,Password00
Royant, Sabine,Password00
Sarin, Raman,Password00
Seymour, James,Password00
Simpson, David,Password00
Solovay, Andrew,Password00
Stevens, Max,Password00
Swift, Eric,Password00
Toftemark, Lisa,Password00
Vajda, Szabolcs,Password00
Vrettos, Connie,Password00
Werner, Tom,Password00
Woogerd, Samantha,Password00
Zabokritski, Eugene,Password00
