Arnold,Leota,eesootoo5Ah
Arredondo,Robert,IeHui3oal
Barnes,Mildred,queil9Vaed
Barr,Bryan,gi9FiJe7ie
Beck,Jovita,mai5ieCei
Belmont,Ruth,ahM8hahghei
Blue,Sidney,seeWeedaN2k
Bowen,Charles,Da1ohf0AN
Bowen,Woodrow,ShaiTh5o
Braun,Raymond,lahW8ahch7ai
Briones,Sarah,equu4Ierizei
Brumbaugh,Marcella,eey4aig9S
Burke,Alberta,ie5ohXee6i
Canas,Donald,Aeg0Aiph
Cartier,Martha,the7Iexair
Casteel,Buffy,Vu0chiu8phoh
Cooper,Paul,wia1Peengo
Corley,Sandra,Aichai7roo3
Crawford,Chris,iB4xo3phohy
Croce,Robert,aego0SibeR
Davis,Adrienne,keoCog0ai7ai
Dison,James,iThe6Chie
Donald,Oscar,eeraiD9quie
Drumheller,Edward,rei9eep2O
Egerton,Sandra,Cee7oojie
Espinoza,Mary,Asonea3b
Ferguson,Terry,aithoN1u
Forbes,John,yohJ9mei0
Galvan,Robin,xuoRu3aizeew
Gibbs,Belinda,Do8eeyoekoh
Goodell,Diana,Aechei7UuT
Haley,Gary,ooVahg1iPh
Hamilton,Aura,eihooP2Ad
Helt,Ernest,geet4Sha
Hernandez,Elisabeth,OSohchool7Ee
Hester,Dorothy,Quoog6ci8ii
James,Mary,joh6hiTa
Johnson,Thomas,xicieNgae2Th
Jones,Leslie,oa0Aemoo5
Kidd,Joshua,ig3aethoo7X
Kinne,Aurelia,ieKo2Che
Kunz,Eugene,jeeNgai1choh
Lechuga,Thomasine,Ip1Use7m
Lees,Hattie,jaJichit4aa
Lewis,Daniel,Joh1aij1
Link,Joyce,Chu3phin7ah
Linneman,Craig,AeQue3airae
Lipscomb,Jonathan,aeh8GaBine6
Lozano,Jan,seejai7we4Ai
Lyman,Catherine,iSeeDa5eu
Matlock,Tara,ovasheel7eR0
Mayhall,Joyce,aibiiJush3
McCoy,Richard,ro6ahYoo
McKay,Dennis,ahv6reeM
McMahan,Walter,AiTeHoh3thai
Moore,James,nair0Leikee
Morris,Chris,Neecuvo1
Nelligan,Catherine,ilietheeM1th
Nelson,Deandre,iShahGoa6ie
Oceguera,John,Ceich7ahxei
O'Connor,Shannon,Iethiunas6Oo
Patterson,John,ADohF2Ai
Payne,Jimmy,OoLa6een1A
Pellegrino,Bernard,Liel4ohg
Pietrzak,Jennifer,Woh0hae6mah
Pineda,Thomas,Jee3shaesho
Pisani,Dawn,Vei3ceenei
Rains,Philip,Tie1uph9ai
Regan,Elizabeth,ooTh5Faide
Renz,Jane,hei0pai7aeV
Riley,Kathleen,Iu4ieFoph
Rodriguez,John,aec6oTheeth
Rogers,John,geij0vaeVai
Rudolph,Catherine,thai4Ashoh
Smith,Adela,Meeraib9ohg4
Smith,Carole,yaiS5Ouy
Smith,Sam,iehae6ka8Ie
Smith,Virginia,pee9Ue8ai
Smith,William,viey9eiGoo
Soltis,Jose,lu5Soshing
Stone,Rick,mooC6Eeng
Stoney,Roberto,iph3iKaima
Taylor,Blaine,aiT4looW
Thompson,Rosemarie,chad7Kae
Townsend,Anthony,xah8Eeph2
Townsend,Carolina,ophae7EiH
Valdes,Adam,Zing4ieNgoh
Valdes,Julia,Ooyo1Dies
Valdes,Michael,naX4aegh7J
Walker,Allyson,Loochooz0
Walton,Lynn,zo9TaiGal6ee
Warner,Catherine,bemeeg3Choo
Wheeler,Zofia,Rik7waemah
White,Pauline,vee3phuD1F
Wilson,Julia,dohwouPah1
Wilson,Robert,Veub6sie3Qu
Womble,Paul,aerajuw3OoK
Woodcock,Betty,Tahqu7naegh
Wyatt,Brian,eequaepa5Ov
Zamora,Herbert,iag4Sa1o
