Hein,Amanda,Uung6aeM3Ai
McNemar,Anna,PhaeloK4O
Sanders,Arcelia,eQuei0qu
Sheets,Barbara,eghei9achuPh
Wells,Belinda,ooX7zo6ooy
Whitfield,Brad,iesai6Uka
Hernandez,Bradley,cho9Eeyai
Barron,Brett,noKoc9Ael
Cooley,Brian,Oohig0Oapai
Bailey,Brian,Heos6yieD
Johnson,Brian,Shain7sh
Hawkins,Brittany,pa4aephaiKa
Daigle,Bryce,ej0Phei4Zi1
Barbosa,Burton,WahFogho6h
Strong,Carl,ua4EeVeu8
Perkins,Charles,Ola2vee0Ei
Valdez,Charles,ENai8bou5ei
Busby,Clark,Uoz1vee2i
Huber,David,Uaz7aich5shah
Cowman,Dennis,rohX3abie
Romero,Donald,aeJee7ui
Anderson,Donald,theiGahch7
Wise,Donna,iD8ohlieth
Brummitt,Dorthy,Evahr7quieh
Becker,Edward,Aec1Oisheeb
Farmer,Elaina,lahz3Uaquah
Williams,Elizabeth,Toh3zaiWu
Anderson,Elizabeth,vae9iTe0Ee
Moore,Elizabeth,xoh0ahWee
Soto,Erica,ohMohphei5
Frey,Ernest,laishai3Ch
Morris,George,uXoo8eit8
Bowe,Gerard,coh8kae1Wee
Erskine,Glinda,yie2ceeMuow
Medlin,Gordon,Shohs8vax
Sexton,Gregg,aiP7Nai7a
Geoghegan,Hannah,choo9Iet
Kearns,Harold,ueC0eebeinie
Harris,Harriet,iengei7X
Rager,Heather,Foofeebo3
Salinas,Henry,iPhighoo2v
Anderson,James,Udae6aim7f
Cleaver,Jane,oogh8eet6G
Wainwright,Janice,laif7Zoh6du
Romero,Jean,ineet2oiC
Garza,Jesse,neiluv7oZ1v
King,Jessica,Phae4ahh0th
Marino,John,sha6meeTah1
Shockey,Joseph,odeu1oac2ePh
Brandon,Kathleen,Ciejiet3aw
Ulmer,Kathryn,ioF2aekoh6sh
Underwood,Kendra,ohLah4eush5
Wilson,Kristin,qua0rahNg
Fletcher,Lauren,goNgee9aiL0
Lewis,Ligia,Ruu6uich8wa
Mendelson,Linda,sohge7Aema5
Watson,Lori,iqu9Fae2ahgh
Chaires,Louis,Ve5Aiy6z
Smith,Marilyn,iezeeGha4f
Shoup,Marty,ooJeer0iab
Rodriguez,Mary,nee1Sirah8wi
Bowman,Matthew,AeHoojee5ahy
Campbell,Maureen,kuik3auPha7
Pickard,Michael,ahM4euyae2
Paterson,Nathaniel,ohNg9xoom6
Powell,Pamela,Aejee9een
Ford,Patrick,ooPhekah8sh
Williams,Paul,aeG5hooZ0
Beale,Paul,Lee0cohcae
Hart,Ricky,uy1Eiquoopu
Militello,Robert,meiGhei7rie
Christianson,Rodney,dee6Xeig
Pokorny,Rose,eXuiKi1e
Landreth,Roy,Am4jachoo
Collier,Sabrina,xuquie6ieNg
Brooks,Sandra,Oam1nie9ei
Alexis,Sherry,ai9caipuXahgh
Miller,Stephanie,oogh8kohs9Ph
Lockett,Susan,duG3paech8Ie
Deleon,Teri,ne1ivueWae5
Bates,Terry,eetheiVie0
Marquart,Thomas,Poo2veepeb
Davis,Thomas,Aeku1aeHie
Hereford,Thomas,oth2Oxeic
Grant,Tiffany,Pah5avi5
Aviles,Tiffany,Ahah6xed
Yoder,Tina,aJu8jae8in
Snyder,Vicki,xaiveeWei9
Dickens,Walter,AeSach6nahx
Johnson,Wanda,xahph5Diet
Palmquist,Wendy,ohGoboo9u
Ramirez,William,Be0uteth
Ruiz,William,Feegu0ch
Fletcher,William,ool3ohNoch
Jackson,Daniel,rie4su9Aisoo
Saunders,Jimmy,onee4shaiTh
Finch,Tony,rie9Iepooj7
Beaumont,Marie,ohngei7Si2ph
Thomas,Sharon,oD9Se0Thaih
Meadows,Grant,EePa1eizah9
