Walters,Alisa,jee1oowai0Ae
Jones,Andrew,yeitux8Tee9
Claborn,Andrew,Uacheejo1
Ramirez,Ashly,Au2mah4ohD8
Benner,Beatrice,Oop1jiecha
Lundquist,Benito,Wa5aiph3sie
Harrison,Benjamin,eiSei1dah
Lewis,Bill,Mea6roow4io
Cole,Bradley,beePae5ph
Lewis,Carla,Wai2uatoo
Meeks,Carleen,neicohz6Ph
Cole,Carmela,lae3Yieph
Hill,Carolyn,ne7li5eewaiZ
McDonnell,Carrie,IeShi6fu7
Tucker,Charles,jae5Bi3ai
Jones,Christopher,vow6ahT2Ai
Farmer,Darlene,idahv4aiF
Wilkerson,Debbie,Ze3FaiR4Qua
Dowdy,Deborah,einoiphu0Poh
Friedman,Dennis,UT8oow9euCh
Bruce,Dianna,eeN6WeeGh7
Harris,Donald,Opheik6Dei6
Fowler,Donna,PaichooPh6y
Smith,Elizabeth,zi2Mo7iebei
Zimmerman,Emily,EoJah0ian
Hsu,Emily,chu9ru0Ie
Scott,Fernando,eit4Jo4ohngae
Kieffer,Fidel,xoGhiejie7
Guthridge,Frances,pe1aiRaeb
Jang,Frank,ohGieph1iep
Rouse,Gina,Ce2lezue2
Brooks,Glenda,oof6Oote8ph
Shehan,Greg,eekoh6Quie
Cook,Gregory,MeiY2uquoh
Ashby,Henry,phe0iu1Eej1
Summer,Henry,teewetaaF6t
Sumner,Herbert,aeRahth8quie
Deschamps,Homer,the7Iejae
Hatten,James,phe7qui6Osh
Burnett,James,Aetue7ase
Zarate,Jamie,iegiF8Caagh
Templeton,John,eef6Aemohd
Benjamin,John,aisheich7uGh
Williams,John,chi2uquahQu5
Stoltz,John,EeWiu5cae
Bailey,Johnathon,eaG4xiquoh
Mosher,Joseph,Ootui0wex
Prange,Joseph,Viv0iekei
Christenson,Joshua,zeiPhish8
Higgins,Juan,nei8Iez0li
White,Justin,ON9laenie4qu
Gross,Karen,phei1zai7Ji
Oliver,Kenneth,Ingo6Huyair
Robichaud,Kevin,Ehoh9eehiezoo
Lopez,Kim,aM5quuLie
Childs,Larry,eeGhie2Ph
Gaulke,Leo,ahDuz6epae
McVay,Malcolm,uiToox3eesai
Harkins,Maria,Aitahqu6Noh
Zhang,Marisela,Eey1irae0aj
Echols,Mark,EePaek8ahru
Edwards,Marla,ohReeph8i
Barry,Marquis,Aeri8ezai7u
Best,Mary,ieb0aeR5
Deleon,Matthew,kaek8Oonoohee
Lin,Melissa,Iwejohlee1a
Holland,Micheal,aiYooqu3ah
Green,Mildred,eph4KeiKu
Vasquez,Pam,oceBas8owai
Barnette,Patricia,kied1UiN
Joyner,Peter,IeGh3Ohd7o
Head,Ramona,do0eeLangoux
Vinson,Rene,Coh3aeroCe
Eades,Rex,Akiexoo6u
Manning,Rhonda,Ot1yapei4he
Browner,Richard,nai4Eithie
Moose,Richard,doBah1jai
Cogswell,Robert,eZa9Quu4
Cook,Ronald,toor0Ue0
Schiffer,Ruthie,vah1ooRur0
Neace,Sara,eeKai9eec5ai
Leon,Shannon,eo0ouch3Ai
Lopez,Shirley,ahh9Gahsuu2
Bailey,Sindy,choh0go1D
Burks,Stacey,eigh6bau9aiB
Freeman,Terri,aePh6Aic4s
Edwards,Thomas,RuaxahC4mee
Williams,Timothy,aeTheiku1ai
Restrepo,Tracy,Ea2aeghai
Friend,Vicki,ooDa1eeNaex
Dykstra,Vickie,Ohsh4uv4ai
Anderson,Vincent,AhX7chu2qu
Bennett,Virginia,Ohcene4om
Zoller,Willie,RaerohYia9ei
Lange,Donna,tah4Eig5eer
Minyard,Betty,aodeeYu7qu
Daly,Christine,ohRaSahx4o
Frank,Michele,iexi6Ieph
Schmidt,Ryan,xaerie8Cah
Perry,Kevin,aed2UoJied8
