Adalsteinsson, Gudmundur,Password00
Anashkin, Oleg,Password00
Aviv-Reuven, Shir,Password00
Bechynsky, Stepan,Password00
Bloesser, Rex,Password00
Brewer, Alan,Password00
Calinov, Iulian,Password00
Casparij, Gitte,Password00
Chopra, Manish,Password00
Culp, Scott,Password00
Dempsey, Molly,Password00
Duncan, Bart,Password00
Estrada, Modesto,Password00
Freidman, Andrew,Password00
Geller, Christa,Password00
Graceffo, Elisa,Password00
Halberg, Pernille,Password00
Hassall, Mark,Password00
Hezi, Mor,Password00
Ismert, Erik,Password00
Johnson, Chris,Password00
Kasturi, Sunil,Password00
Khosa, Godwell,Password00
Kohl, Franz,Password00
Krovak, Lukas,Password00
Larsson, Katarina,Password00
Lo, Renee,Password00
Maenz, Frank,Password00
Martin, Michele,Password00
Michaels, Tom,Password00
Mondloch, Arnie,Password00
Neipper, Michael,Password00
Oveson, Scott,Password00
Peng, Yun-Feng,Password00
Podkolzina, Ekaterina,Password00
Ran, Yossi,Password00
Riis, Anders,Password00
Ruivo, Pedro,Password00
Sawanoi, Kazuki,Password00
Shakespear, Paul,Password00
Singhi, Soumya,Password00
Spanton, Ryan,Password00
Stoltze, Anne-Mette,Password00
Tangirala, Rakesh,Password00
Treetawatchaiwong, Lertchai,Password00
Vargas, Garrett,Password00
Waldman, Larry,Password00
Wheeler, Wendy,Password00
Wycoff, Pieter,Password00
Zare, Robert,Password00
