Marshall,Adrienne,Aicoo0nohp
Case,Alice,WaokieL9wah
Tate,Amanda,sar9Anab4uo
Weekley,Andrew,Li0iege0ei
Bernal,Angel,Jenaexai1
Stevens,Angelia,ihie9Sie1
Clancy,Arthur,Xabei5ejud3oh
Mangum,Beth,piu2Doh2oh
Nelson,Bret,wina3Iec6die
Thompson,Brian,auJaic3ahph
Jensen,Brian,weR5Zaes
Jackson,Candace,zeiH1shuko
Philpot,Carol,OYaequah4
Deblois,Caroline,eh1Kien0Chie
Bruggeman,Charles,Kool9imei
Griffin,Charles,ahch0zoTh
Wolfe,Charlie,uad1Bee8phoh
Rodriguez,Christina,oosh1atohZoon
Shaw,Christopher,Iohoo5oz
Grasty,Clara,fua4ye4Ro4
Chastain,Curtis,ta1ahYaer
Rodriguez,Dan,Eabai1cuj
Lopez,Danelle,DoPofed2epai
White,Danilo,iy5saiHoh
Hollen,David,aiheeSahQu6
Milner,Donna,Eel9ro9bai
Hayse,Ellen,foo6Iec5fa0
Landers,Erin,Se3eeneiCh
Brown,Fred,OhR9eesie7
Nunn,George,aegh5Haesh9
Foster,Gloria,OhQu5ruNai
Johnston,Harold,ohv3igai9Oh
Clark,Hazel,Aighahjop8
Marshall,Helen,vexuTu8l
Houston,Henry,Mun5Jie2b
Cook,James,ao2Woo7yah
McCullough,Jan,jevohsh8Eo
Fontanez,Jane,shog8Shah
Fowler,Javier,pu2SohSh
Ortega,Jennifer,Cai2Viuhoo
Perez,Jessie,Jie2eoquoo
Howell,Jodie,Xu2eexaNg7ae
McLaughlin,John,kiye5Ei3t
Weisgerber,Jonathon,Uoy4xohy2
Rosen,Kathleen,oe4daej9Poh
Olson,Kerry,jo5thu1Suqu
Stevens,Kurt,Eikohr5xooBoh
Fuller,Lawrence,chib1ieVie9
Roy,Lillian,Liedu7Row
Brownlee,Linda,moh7ohM6
Lamoureux,Major,ahso4Aexae
Alm,Manuel,eeGhae6vieR
Musick,Margaret,ashe9Aimoh
Shank,Margarette,ood1bie5Oo
Ramon,Maria,Vahfaef9Wah
Karnes,Martha,aigh5aiChoh
Marcantonio,Mary,Seeng7uhai
Katz,Mary,ChaiH7Ei
Ewald,Maryann,foh5iiPhoo8
Shrader,Maurice,Ekoe4shie9wi
Mason,Michael,Yiew1vaipa7
Pemberton,Nancy,ioy6De3e
Gandy,Nancy,shooK0ieri3ai
Martin,Neal,voot7ahCath
Wilson,Norma,Ne0chovai
Windle,Norman,foj1tahR7noo
Cummings,Pamela,OPuw8ho9m
Colbert,Patricia,Koo7oiS8ei
Lewis,Patti,phoh4Euv3ie
Kelly,Randy,aeGh0oG8oo
Sousa,Raymond,Fu3ahPaegh
Bishop,Rebecca,eiraiC5Uu7
Bailey,Rene,Quahph6iuth
Larson,Rene,phai2iaSahp
Whitmore,Richard,aer8aeGhae
Fisher,Robert,Hish3OoGhie
Guzman,Roger,AeKei2uig2
Stewart,Roger,UNgoo1Ief
Glasper,Rosalie,voofeiJaj3b
Martinez,Sandra,pa9Aequei5ie
Caldwell,Scott,haCh5Iich
Gray,Shannon,Phah2ahn
Randall,Sherry,iuqu1aiJuo
Contreras,Sophia,Ueghiu2iep
Schmidt,Stephanie,Amu7ohm3ohng
Harriss,Steven,AiVae7Tie
Jack,Terry,Aech2Hi8phe
Bare,Thomas,Kaeph1ooch
Mullinax,Tiffany,tohy4Ox8Iek
Scott,Todd,ia0Aiquie
Chin,Tracy,Ookiet6ooG
Straley,Warren,daido7Oh
Milam,Wendy,inain2Uoch
Leone,Wendy,ieJee9do
Jones,Wendy,aebakai2Zoh
Owens,William,iShiec6eis
Fitzsimmons,Israel,fohJ8ieT
Reneau,Susan,ooR4aejeisee
Jacobson,Donald,iiz0ahahJ4
Hampson,Rafael,Quel8choad
