Hughes,Raymond,eedahYo6u
Grant,Roberta,ooxeig8Oh
Carpenter,Meghan,Aif2ieNg4
Joseph,Gerald,aichah6Odu
Polster,Jose,aejo4zaiYuu
Tuten,Lucille,vi0phad0Im8
Peeler,Terry,Keexae5fae
Entwistle,Kyle,di9oJeeng
Large,Victor,quei2koo0Gek
Galbraith,Marcus,dul5OoMie5ei
Masterson,Leroy,ieghooxefa3U
Naquin,Tonya,oN6eemo4Oo
Reyes,Diane,AiPaagh2e
Maes,Dustin,je0Aif8ao
Bales,Guadalupe,pahv8ieteeS
Boylan,Joseph,iev9ahTh
Gough,Carole,Shecas0ohv
Potter,Aimee,ohn6Hoov0Ae
Jones,Beatrice,ophah3Da0p
Stone,David,Uoth6koh4
Swallow,Robert,Ejiegoh6vie
Wilson,Antonetta,euPh6ceelo
Johnson,Matthew,laiQu6ee
Addison,Cristina,ein8oW0se
McDermott,Michael,Da4ez5sae
Scoville,Samuel,Hooxe1iech
Coulter,David,igh7Meez9So
Brooks,Nidia,we5Usheishu
Speights,Alexis,oLeng9nu3ait
Lee,Helen,DieZie7Goi
Cassady,Rickey,shei8aVaeb7
Keeling,Guadalupe,aevohbo9G
Silverman,Eva,Ahm2shio
Keys,Shirley,Ub5aicaef6
Rodriguez,Vincent,Aele2iesh
Valentine,Joyce,apae5eoZe9ei
McKnight,Nicole,Aix7theil
Lane,Cheryl,sei2Hah2hee
Danner,Melissa,veG7doloo
Schweigert,Richard,oluGuiR7loF
Hillard,Kenneth,me2Uxah7
Gonzales,Wanda,OemaeS0e
Barrett,Franklin,ao0Ziozaenoo
Miller,Christene,iifaeg3Yei
Murray,Jacob,Ix2aesheejie
Acosta,Tara,eeBu5thai2bae
Whitney,Son,eez8SeiYi
Shepard,Nadine,ikoow2Chie
Smith,Robert,fohsh6laeSh
Sosa,Adrian,Iomee9iyaan
Quinn,Carlos,Ahza7aeCh5ee
Swartz,Monica,Veengenga0
Williams,Scott,eiv5ZoDieju
Delgado,Mary,ooc7tieCh
Reynolds,Terri,ohtee4Kevo
Clark,Louise,aish7eg8V
Metts,Marilyn,IeNivah6Ai
Greene,William,Zo5la5kee
Cosper,Sylvia,xahD8euZie
Thompson,Kelli,aeV0ohyie
Robertson,Rita,aik8ohYoh4
Beaver,Mary,louTh9oh
Whitlock,Elizabeth,ighu3Eeth
Williams,Bill,Guna7ausoh
Plante,Ruth,IeNgijeip1
Hensley,Julie,Kavah7et7th
Clark,Gabrielle,Ohs2oarukoh
Potter,Michael,eeth5phaVoo
Jones,Donna,epuNg8boh3
Wishart,Donald,The3roong
Frazier,David,sie3Shi0
Le,Lisa,auQu9emei
Gillette,Melinda,eChaiheeh8
Messier,Robert,Eeroh9bu1moh
Alexander,Beth,fohgha0Ah
Coburn,Francisco,VieB6iapaix
McLain,Timothy,Thohghooy6
Lanctot,Daniel,dewi0taPai
Thomas,Gus,yohjaC6oa
Wampler,Hong,Ief6Iephie
Calhoun,Mary,ceeyee5aiZi
Higgins,Nikki,Xee8maBah
Causby,Michael,ieQuai4quoe
Johnson,Petra,gaiShe5ca
Garrison,David,thair6Aelie
Steinbach,Gary,ohn9aiJee
Douglas,Jennifer,jieHiur7g
Hernandez,Irma,fi3eiK5h
Janes,Elizabeth,ioGh4yieL
Smalley,David,yoohah9AiB
Wright,Daniel,ahghi5Eel
Garcia,Treena,Ahchae6d
Lewis,Virginia,ahQu9Eex
Murrell,Emily,Phae1Zeph9
Cravens,Malinda,eilee1Pei
Henderson,Laurie,aem5ahDo
Elliott,Daniel,ped1Hi0oh
Gagnon,Adam,yohjaC6oa
Avant,Robert,Rax5heegaez
Obrien,Marjorie,raqu1Cue
