Acevedo, Humberto,Password00
Alvord, James,Password00
Athalye, Sameer,Password00
Baumfeld, Deborah,Password00
Bishop, Scott,Password00
Brauninger, Andy,Password00
Byrne, Randy,Password00
Carvallo, Carlos,Password00
Chia, Lee Theng,Password00
Creasey, Jack,Password00
Dell, Eduard,Password00
Dukhon, Marina,Password00
Erickson, Gail A.,Password00
Foster, Jonathan,Password00
Gay, Benjamin,Password00
Gordner, Jon,Password00
Haemels, Ivo,Password00
Harris, Phyllis,Password00
Herriman, Annie,Password00
Ilyina, Julia,Password00
John, Glen,Password00
Karpeta, Jiri,Password00
Khan, Imtiaz,Password00
Koduri, Sunil,Password00
Kretowicz, Marcin,Password00
Langohr, Kris,Password00
Liu, Jenny,Password00
Machado, Manuel,Password00
Margheim, Diane,Password00
Mevius, Willem,Password00
Mohrman, Ray,Password00
Nason, Kirk J.,Password00
Orman, Tad,Password00
Pedersen, Flemming,Password00
Plate, Tanja,Password00
Railson, Stuart,Password00
Richardson, Shawn,Password00
Rucker, Erik,Password00
Sato, Michiyo,Password00
Shah, Niraj,Password00
Sinclair, Andrew,Password00
Souza, Yukako,Password00
Stewart, April,Password00
Szimmetat, Oliver,Password00
Toubro, Louise,Password00
Valdes, Rene,Password00
Wadia, Rohinton,Password00
West, Paul,Password00
Wright, David,Password00
Zakardissnehf, Kerstin,Password00
