Ware,Aaron,Oobaesheo5
Steele,Albert,joiMou8ahch
Kollman,Albertha,fo1eHiefee8
Gore,Alex,ieV8lie7n
Duggan,Alison,AeWeig9Kai
Purser,Allen,thootaFof1oo
Reyes,Alvaro,zoim5jai6Oh
Willis,Ann,IMeeyichii2
Roth,Antonio,Ephub0ueth
Dunn,Barbara,aiT2eeng6
House,Billy,yohy0nooSh
Degarmo,Brady,ahBai7eip9ai
Villanueva,Brian,Aikievee6
Meekins,Carmen,eeZo3ein0uo
Larson,Carolina,Zui3eix3shie
Murray,Casie,Pooz6eerai
Slaughter,Catherine,eiL1Zeewox
Denham,Catherine,phei4fie5Ch
Horton,Charles,aeshoL5oaYe6
Medlock,Christina,phu1ohY4ai
Larkin,Christine,ShucheiK8AeX
Titus,Christopher,suJ4uGhaexa
Wells,Clarence,quuuCao1ae
Orr,Corinne,ahk5Aic5e
Meyer,Crystal,oaT9ojelah
Walker,Curtis,geaquuk6EF
Rogers,Damian,ku0ieh8Xif
Kane,Daniel,OkoSh5oh1puu
Gillespie,Dave,eo5yepeez2Hei
Kersey,David,aeMu5Ii2qu
Hoffman,Debra,fai6Oobi7ne
Garza,Donald,sooFaix4gie
Mallory,Donna,Dohjohk5Iebie
Tyree,Dorothy,avai1xuSho
Foster,Douglas,shoh0Zei1
Willoughby,Elizabeth,EgeoShai4ve
Perez,Ellen,ahohP7baejei
Cardona,Emilio,Zi5pohdae6W
Sinn,Emily,Zem5thighei
Naquin,Ericka,ni8ahquaiB
Fitzpatrick,Gail,ot3Leec6ose
Ellis,George,Xai2Ajooxude
Poythress,Gladys,Iegh8Sho
Norris,Glenn,Pe5eiqu5
McDuffie,Harold,eev8Pei0ei
Seabrooks,Helen,ohxah3eiRah
Graves,James,quekiem6Eo
Turner,James,looCh2gek6
Rossi,Jay,eib5Unoav
Garrett,Jesse,yeo8uL2oh
Isler,Karen,Eetici3Oz
Holcombe,Karl,yish5iu8Tag
Weber,Katherine,co9Osha0go
Tyler,Kelly,ool8Imi8ph
Davis,Kimberly,ool5hiuN8oo
Prinz,Kimberly,ZooGao1thohb
Atkinson,Latoya,zieziu4uP2w
Armstrong,Leon,ievooWoo0Mi
Lozano,Margaret,eetiZ3Quei
Dyer,Margarita,Cusheang1Sh
Sheldon,Marie,aeriSh7ai0
Lopez,Martin,lohj2Gaesh
Chacon,Matthew,ai1ievieFo
Schultz,Megan,sotheiL2ou3
Nance,Nancy,Pear1ie2o
Eubanks,Natasha,eSieka9Ah
Watkins,Nathan,eeshooM1z
Williams,Ofelia,Zee0Feiph
Whalen,Paul,ahP9Iis9O
Brewer,Philip,queheiH4ge7
Ware,Reggie,eiDe6soo
Phillips,Renda,quuShaeli9ai
Snell,Richard,ui3aepieYie
Sullivan,Robert,aim3Boor
Morningstar,Robert,au5ETh1oo
Beauchemin,Sandra,Aegaj2dohgh
Tower,Sharon,se5faef1Ie
Keene,Sherri,dush6iefe5O
Delay,Stephen,oht9aeCh
Ly,Steve,Wie2epheiGh
Renteria,Steven,Moh0aLeed
Thompson,Tabitha,QuoNg7noh
Cochrane,Teresa,iePhohk5Oo
Tennant,Terry,Eu8aichoh
Dacosta,Tiny,Theewed1Da
Jones,Todd,chi3eim3T
Stevens,Tyrone,IereiJ9piePh
Sizer,Vanessa,aiG5cai0vie
James,Vicki,ahngieJ2z
Kranz,Vincent,vieW2Oozing
Delph,Virginia,Quahhoow5
Henslee,Wendy,Shue6soh6
Newman,Lawrence,kikie3Phee
Goddard,Robert,quaoB8Ahph
Keenan,Jan,ta6Aes6chah
Bolden,Nicole,jieGae2Shie
Hightower,Randy,Gahsha0aigh
Reyes,Geri,Cho9ughec8
Trotta,Debbie,geeReiz6
Slape,Bertha,ReezeTh6ia
