Russell,Alejandra,keetoh6Z
Cook,Alena,zeengeij5M
Perry,Alice,Pe4johcah
McGehee,Alonzo,Seethe5coo0
Rodriguez,Amber,thi0heY0wuth
Hadley,Andrew,uquei3aiG
Reeves,Angelo,she9ij5Aixee
Baier,Audrey,Id2ohvee
Rose,Barbara,faCha3om3ei
Rogers,Benjamin,yoonahp0Ee
Meeks,Betsy,Eel8mier5ie
Dunn,Carl,ien8Ushai
Tew,Carol,Ahch2pe8qu
Curtis,Celia,Sahmae8jae6
Belk,Christine,igohhah0AVoo
Paniagua,Claude,GaPh4ia1Cu
Johnson,Cleo,mahgh7aePhei
Murphy,Cora,zahQu1hahv
Raven,Darlene,yai4quuBuM
Guido,Deangelo,aeGouti6
Jones,Eddie,phohNie7ohl
Sullivan,Edward,auj6Baetah
Felton,Edward,aegahPoh4Ae
Vavra,Eugene,ode9Rohng
Somers,Everett,Mohhohhei6ei
Lucero,Fannie,iY2fahd0ph
Grove,Forrest,ohth7jeiNgoh
Barnes,Frankie,ea9Diige
Ellington,Geoffrey,KiePezi2cie
Blair,Gerald,piiyae6Yae
Gordon,Gladys,tho1acoPh
Jeffries,Gordon,rae5faiV
Haygood,Harold,Toh3wecheeP
Jones,Heather,eeng5Ees9
Crouch,Irene,Liqu2iMa7
Crowe,James,aik3Toawa4
Hill,James,AhM5wohfah
Estrada,James,Uchei8coh
Mock,James,Ahghe6aeNg
Cookson,Jason,raeTh6eFae
Nelson,Jeniffer,saing5Quio
Hood,Jennifer,aZohch1sha
Gooch,John,ohcai0Bei5sh
Townsend,Jon,iuqu4Pho
Hardy,Jonathan,Oquae7Thu0ei
Castellanos,Joseph,EiChei0uZ
Cornelius,Kenneth,eud1ii3Ah
Ellis,Kristi,uVah6tia1a
Alvarez,Lauren,NiePhah1
Thomas,Leah,Roix4hae
Bates,Leonard,Anaeci5ai
Chinn,Lillian,aePiexoa0ku
Rodriguez,Lisa,mae7aiFau
Miller,Louise,eij2ahPhee
Gilmore,Luella,Mai2tah5ph
Clark,Maggie,iepohBai9w
Hughes,Manuel,noo0Loo9Qu
Lamb,Marc,oPo7shu0ei
Cole,Mary,OoT1bieZee
Lieu,Matthew,um9Aithee
Huffman,Megan,eyei1ahY1
Dozier,Meghan,ieChah2Jeo
July,Melissa,zeeV4OoB
Stirling,Melissa,zaigh9Xie
Bell,Melody,ohxuPaiLax6
Young,Michael,IeLeid6Voo
Caruso,Michael,dohlua4Eer
Johnson,Nathan,Dequi3thee
O'Donnell,Orlando,Sheek2CahY
Acevedo,Patrice,waiHohng5rai
Sullivan,Paul,paBoo0oCh
Okelly,Rachel,Owa4jein0
Delgado,Ray,Quai8ool3
Johnson,Richard,gue1jaeCh
Wiggins,Robert,ieGh9shaiz
Carbone,Robert,aes0ahG6
Lafleur,Rose,ahvooVov7Ie
Garza,Rowena,IeDaez8k
Brown,Ruth,PueHu3kah5
Adams,Samuel,wah8Loi2wu
Longshore,Sandra,Eiweegh0aebei
Jamerson,Sara,yo6zie9X
Stevens,Sarah,lahph7ael3U
Benavides,Sharon,ang5aiYahxai
Neary,Shenita,zeephah2OGh
Gonzalez,Steve,giph0Seit
Shull,Steve,uu0Ohhechah
Baldwin,Tommy,ieg5hee4Y
Wood,Victor,Aru0eelae
Dellinger,Victoria,Kuyeik8see
Johnson,Vincent,iewahNgail9ro
Reed,Virginia,aK5ichaphie
Goodwin,William,ugaing7Eigh
Bryan,William,shaaM1ae
Mower,William,Eequai7me7
Oleary,Lavonne,iej8Ozoh
Flanders,Irene,ooqu3aiShagh
Evans,Rena,Lee4gahs
Cabral,Lisa,Iet0meNg6y
Lee,Alfonso,yaeng2Rae7
